{"access_token": "ya29.a0AfH6SMDdwaieQvkdCEycWFy_FWPPUbC1CC-qabjY5PjpyCW57e-J230Nbfmz-QlzPNqGVDukeW6LiNQycp7RngD9liMhv2Af70gVr9r3qNHE2OeYZdeJFUMmVYscC0s6TrRtChdiy9bQnQ2i8aLsTy3VhqO0OQ", "client_id": "78350193326-sb2tirmd0cctb50m4llkccaf6ko5itta.apps.googleusercontent.com", "client_secret": "1KcaWyNfamfpzEq4qb6c86ZI", "refresh_token": "1//0gE7xcV2NOgKsCgYIARAAGBASNwF-L9IrvcHx3So0SnI5F7q3FPR3zEJendyD6La58HRCHd-lppGqnZ70UZr115CyFPG8erpnO1M", "token_expiry": "2021-06-22T12:24:04Z", "token_uri": "https://oauth2.googleapis.com/token", "user_agent": null, "revoke_uri": "https://oauth2.googleapis.com/revoke", "id_token": null, "id_token_jwt": null, "token_response": {"access_token": "ya29.a0AfH6SMDdwaieQvkdCEycWFy_FWPPUbC1CC-qabjY5PjpyCW57e-J230Nbfmz-QlzPNqGVDukeW6LiNQycp7RngD9liMhv2Af70gVr9r3qNHE2OeYZdeJFUMmVYscC0s6TrRtChdiy9bQnQ2i8aLsTy3VhqO0OQ", "expires_in": 3599, "scope": "https://www.googleapis.com/auth/drive https://www.googleapis.com/auth/drive.install", "token_type": "Bearer"}, "scopes": ["https://www.googleapis.com/auth/drive.install", "https://www.googleapis.com/auth/drive"], "token_info_uri": "https://oauth2.googleapis.com/tokeninfo", "invalid": false, "_class": "OAuth2Credentials", "_module": "oauth2client.client"}